{
  "bookings": [
    {
      "name": "Aishwarya Kore",
      "email": "Aishwaryakore18@gmail.com",
      "room": "Junior Suites",
      "checkin": "2021-08-25T05:56:32.000Z",
      "checkout": "2021-08-26T05:56:32.000Z",
      "noofrooms": "1",
      "id": 7
    },
    {
      "name": "Aishwarya Kore",
      "email": "Aishwaryakore18@gmail.com",
      "room": "Executive",
      "checkin": "2021-08-25T06:40:00.000Z",
      "checkout": "2021-08-31T06:40:00.000Z",
      "noofrooms": "5",
      "id": 8
    },
    {
      "name": "Shivshakti Singh",
      "email": "rshivshaktisingh@gmail.com",
      "room": "Executive",
      "checkin": "2021-08-25T15:24:01.000Z",
      "checkout": "2021-08-27T15:24:01.000Z",
      "noofrooms": "2",
      "id": 9
    }
  ]
}